상품번호,상품명,공급사ID,상품주문옵션,상품비
SH48856467,수영 잠수 훈련 연습 실리콘 코 노즈 클립 집게 마개,bandimall,블루 - 5개,1500
SH30077799,소지품 클립 벨트 키 체인 퀵 홀더 열쇠고리,bandimall,2개,1400
SH29813822,닭 병아리 급수 니플 닙플 물주기 닭물통 수직니플2P,bandimall,6P,1800
SH29812366,싱글 관수 농수관 여과기 조임식 PE 유니온밸브 25mm,bandimall,2개,3860
SE5801762,세탁소옷걸이,bazarmall,16인치 - 10개,900
SE5801762,세탁소옷걸이,bazarmall,두꺼운 16인치 - 10개,1200
SE17937697,인하우스 조립식선반 애견울타리 수납정리함 철망,btm3333,철망 (블랙) - 5개,4900
SE17937697,인하우스 조립식선반 애견울타리 수납정리함 철망,btm3333,철망 (화이트) - 5개,4900
SE17937697,인하우스 조립식선반 애견울타리 수납정리함 철망,btm3333,커넥터 (블랙) - 10개,1000
SE17937697,인하우스 조립식선반 애견울타리 수납정리함 철망,btm3333,커넥터 (화이트) - 10개,1000
SE26479086,Kimspp 다용도 골드 빵끈(20cm) 약500개 칼라끈 봉지포장끈 쿠키빵끈 트위스트타이 칼라철심끈,designfarm,1개,960
SE43604327,kimspp 다용도 골드 빵끈(7cm) 약500개 쿠키 봉지 포장 칼라철심끈 트위스트타이,designfarm,1개,700
SE22826129,kimspp 케이블타이 5x250mm (블랙) 약250개입 케이블밴드 타이밴드 전선 배선정리,designfarm,1개,4400
SE18585255,캠핑 에어베개,gio6045,네이비 - 1개,1340
SE18585255,캠핑 에어베개,gio6045,그레이 - 1개,1340
SH49604773,좁은옷장 공간활용 넥타이 벨트정리 철제 5단바지걸이,hickies,블랙 - 3개,3600
SE53257300,투명 미니 플라스틱 깔때기 깔대기,hsrs4707,30개,1200
SE38795975,1.2cm 오이집게 수세미 멜론 수박집게 작물유인 집게,huigone7589,1.2cm - 20개,700
SE39094063,페트병 재활용 물조리개 화분 물뿌리개 물조루,huigone7589,그린 - 5개,1500
SE38796052,1.7cm토마토집게 방울토마토 오이 고추 작물유인 집게,huigone7589,1.7cm - 20개,800
SE38798113,3.0cm 고추집게 오이집게 호박 토마토 작물유인 집게,huigone7589,3.0cm - 20개,900
SE44006640,덩굴 넝쿨 식물 벽 고정 지지대 10개,huigone7589,녹색 - 2개,1360
SE44006640,덩굴 넝쿨 식물 벽 고정 지지대 10개,huigone7589,백색 - 2개,1360
SE13550030,수평계 아크릴 튜브 버블 레벨 바이알 측정기 설계,insari,10개,700
SE42111046,안경 귀고무 실리콘 귀아픔 흘러내림 방지 안경다리팁,jackjun28,블랙 - 8개,800
SE22170967,PVC풀러 20매,jduch,1개,800
SE43784013,휴지통 봉투 고정 클립 집게(2p),juhwan78,10P,800
SE52364234,캐비넷키 전기분전함키,land0822,1개,1500
SE55794952,우드 냄비 뚜껑 손잡이,land0822,2개,1100
SE49504225,스위치 박스 고정 브라켓,land0822,4개,1400
SE52609554,오토바이 머플러 스프링,land0822,2개,3400
SE54473602,스텐 문손잡이 고정판 보강판 2P,land0822,2개,4200
SE27180281,안테나 새우 구피 어항뜰채 열대어뜰채,land0822,1개,3900
SE15779088,어항 물고기 새우 구피 뜰채 부유물 청소 치어 분리,podojus,소형 - 2개,600
SE15779088,어항 물고기 새우 구피 뜰채 부유물 청소 치어 분리,podojus,중형 - 2개,600
SE15779088,어항 물고기 새우 구피 뜰채 부유물 청소 치어 분리,podojus,대형 - 2개,600
SE27006738,안경코패드 부드러운 안경 실리콘 코받침 패드 대형,sellcore99,1개,610
SE10814965,SJ0001 BNC젠더 RCA플러그를 BNC로 변환 BNC(M)-RCA(F),seungwon88,2개,740
SE10826565,S-MHC01 2P 초미니 하네스케이블 자동차 전기 DIY 전원커넥터,seungwon88,3개,1560
SE10944309,SAC 02 악어클립 소(적흑 2개발송) 악어집게 테스터클립 DIY,seungwon88,5개,850
SE23824495,4종 메탈 플레이트 1p 블랙 실버 원형 사각,spr73,실버 (사각) - 10개,1300
SE23824495,4종 메탈 플레이트 1p 블랙 실버 원형 사각,spr73,실버 (원형) - 10개,900
SE23759466,사이즈 표시 원형 스티커 1장(150개),uneedweb,S - 5개,600
SE23759466,사이즈 표시 원형 스티커 1장(150개),uneedweb,M - 5개,600
SE23759466,사이즈 표시 원형 스티커 1장(150개),uneedweb,L - 5개,600
SE23759466,사이즈 표시 원형 스티커 1장(150개),uneedweb,XL - 5개,600
SE23759466,사이즈 표시 원형 스티커 1장(150개),uneedweb,XXL - 5개,600
SE23759466,사이즈 표시 원형 스티커 1장(150개),uneedweb,3XL - 5개,600
SE15880874,투명 실링 스티커 30mm 1장(24개),uneedweb,5개,500
SE15880292,투명 실링 스티커 15mm 1장(50개),uneedweb,5개,1500
SE15881267,투명 실링 스티커 40mm 1장(24개),uneedweb,5개,1000
SE15880475,투명 실링 스티커 20mm 1장(50개),uneedweb,5개,750
SE51812249,길이조절 스펀지 외눈안대 한쪽눈 가리개,withseller,블랙,1250
SE47859197,차광막 그늘막 차양막 그물 고정 클립 집게 대형,gaiusfarm,100개,4500
SE50807245,메이크업 미니 스텐 양면팁 스파츌라 파우치 포함,wlgp0825,1개,1540
SE46683500,초소형 드라이버 십자 일자 스크류 정밀 작업,wlgp0825,일자 - 5개,300
SE46683500,초소형 드라이버 십자 일자 스크류 정밀 작업,wlgp0825,십자 - 5개,300
SE50567828,포켓 휴대용 미니 꼬리 빗 브러쉬 쇼핑몰 사은품 덤,wlgp0825,블랙 - 10개,800
SE50567828,포켓 휴대용 미니 꼬리 빗 브러쉬 쇼핑몰 사은품 덤,wlgp0825,핑크 - 10개,800
SE10138029,원형통 [다용도빈통(소)]원통/통/포장통/선물통/빈통/원통케이스/원형빈통/원통형케이스/케이스/다용도빈통,wsujin74,원통형 (소) - 2개,1120
SE10138029,원형통 [다용도빈통(소)]원통/통/포장통/선물통/빈통/원통케이스/원형빈통/원통형케이스/케이스/다용도빈통,wsujin74,원통형 (대) - 2개,1440
